title_en,year,rating,genre,synopsis
The Kid,1921,8.2,Buddy Comedy,"The Tramp cares for an abandoned child, but events put their relationship in jeopardy."
Sherlock Jr.,1924,8.2,Bumbling Detective,"A film projectionist longs to be a detective, and puts his meagre skills to work when he is framed by a rival for stealing his girlfriend's father's pocketwatch."
The Gold Rush,1925,8.1,Farce,"A prospector goes to the Klondike during the 1890s gold rush in hopes of making his fortune, and is smitten with a girl he sees in a dance hall."
The General,1926,8.1,Farce,"After being rejected by the Confederate military, not realizing it was due to his crucial civilian role, an engineer must single-handedly recapture his beloved locomotive after it is seized by Union spies and return it through enemy lines."
Metropolis,1927,8.3,Dystopian Sci-Fi,"In a futuristic city sharply divided between the working class and the city planners, the son of the city's mastermind falls in love with a working-class prophet who predicts the coming of a savior to mediate their differences."
The Passion of Joan of Arc,1928,8.1,Legal Drama,"In 1431, Jeanne d'Arc is placed on trial on charges of heresy. The ecclesiastical jurists attempt to force Jeanne to recant her claims of holy visions."
City Lights,1931,8.5,Feel-Good Romance,"With the aid of a wealthy erratic tippler, a dewy-eyed tramp who has fallen in love with a sightless flower girl accumulates money to be able to help her medically."
M,1931,8.3,Psychological Thriller,"When the police in a German city are unable to catch a child-murderer, other criminals join in the manhunt."
It Happened One Night,1934,8.1,Road Trip,A rogue reporter trailing a runaway heiress for a big story joins her on a bus heading from Florida to New York and they end up stuck with each other when the bus leaves them behind at one of the stops along the way.
Modern Times,1936,8.5,Slapstick,The Tramp struggles to live in modern industrial society with the help of a young homeless woman.
Gone with the Wind,1939,8.2,Epic,A sheltered and manipulative Southern belle and a roguish profiteer face off in a turbulent romance as the society around them crumbles with the end of slavery and is rebuilt during the Civil War and Reconstruction periods.
The Wizard of Oz,1939,8.1,Classic Musical,"Young Dorothy Gale and her dog Toto are swept away by a tornado from their Kansas farm to the magical Land of Oz and embark on a quest with three new friends to see the Wizard, who can return her to her home and fulfill the others' wishes."
Mr. Smith Goes to Washington,1939,8.1,Political Drama,"A naive youth leader is appointed to fill a vacancy in the U.S. Senate. His idealistic plans promptly collide with corruption at home and subterfuge from his hero in Washington, but he tries to forge ahead despite attacks on his character."
Rebecca,1940,8.1,Dark Romance,A self-conscious woman juggles adjusting to her new role as an aristocrat's wife and avoiding being intimidated by his first wife's spectral presence.
The Great Dictator,1940,8.4,Parody,Dictator Adenoid Hynkel tries to expand his empire while a poor Jewish barber tries to avoid persecution from Hynkel's regime.
The Grapes of Wrath,1940,8.1,Drama,"An Oklahoma family, driven off their farm by the poverty and hopelessness of the Dust Bowl, joins the westward migration to California, suffering the misfortunes of the homeless in the Great Depression."
Citizen Kane,1941,8.3,Epic,"Following the death of publishing tycoon Charles Foster Kane, reporters scramble to uncover the meaning of his final utterance: 'Rosebud.'"
Casablanca,1942,8.5,Drama,A cynical expatriate American cafe owner struggles to decide whether or not to help his former lover and her fugitive husband escape the Nazis in French Morocco.
To Be or Not to Be,1942,8.1,Screwball Comedy,"During the German occupation of Poland, an acting troupe becomes embroiled in a Polish soldier's efforts to track down a German spy."
Double Indemnity,1944,8.3,Film Noir,"A Los Angeles insurance representative is seduced by an alluring housewife into a scheme of insurance fraud and murder that arouses the suspicion of his colleague, a claims investigator."
The Best Years of Our Lives,1946,8.1,Epic,"Three World War II veterans, two of them traumatized or disabled, return home to the American midwest to discover that they and their families have been irreparably changed."
It's a Wonderful Life,1946,8.6,Feel-Good Romance,An angel is sent from Heaven to help a desperately frustrated businessman by showing him what life would have been like if he had never existed.
The Treasure of the Sierra Madre,1948,8.2,Tragedy,Two down-on-their-luck Americans searching for work in 1920s Mexico convince an old prospector to help them mine for gold in the Sierra Madre Mountains.
Bicycle Thieves,1948,8.3,Tragedy,"In post-war Italy, a working-class man's bicycle is stolen, endangering his efforts to find work. He and his son set out to find it."
The Third Man,1949,8.1,Film Noir,"Pulp novelist Holly Martins travels to shadowy, postwar Vienna, only to find himself investigating the mysterious death of an old friend, Harry Lime."
Rashomon,1950,8.2,Crime,"The rape of a bride and the murder of her samurai husband are recalled from the perspectives of a bandit, the bride, the samurai's ghost and a woodcutter."
All About Eve,1950,8.2,Showbiz Drama,Seemingly timid but secretly ruthless ingenue Eve Harrington insinuates herself into the lives of aging Broadway star Margo Channing and her circle of theater friends in this Oscar-winning story.
Sunset Boulevard,1950,8.4,Film Noir,A screenwriter develops a dangerous relationship with a faded film star determined to make a triumphant return.
Singin' in the Rain,1952,8.3,Classic Musical,A silent film star falls for a chorus girl just as he and his delusionally jealous screen partner are trying to make the difficult transition to talking pictures in 1920s Hollywood.
Ikiru,1952,8.3,Psychological Drama,A bureaucrat tries to find meaning in his life after he discovers he has terminal cancer.
Tokyo Story,1953,8.1,Psychological Drama,"An old couple visit their children and grandchildren in the city, but receive little attention."
The Wages of Fear,1953,8.1,Psychological Drama,"In a decrepit South American village, four men are hired to transport an urgent nitroglycerine shipment without the equipment that would make it safe."
Rear Window,1954,8.5,Suspense Mystery,"A house and wheelchair-bound photographer, his fashion model girlfriend and his visiting Nurse spy on neighbors from his courtyard window. Despite skepticism by his PD Detective friend, they're convinced one of his neighbors is a murderer."
Dial M for Murder,1954,8.2,Crime,A former tennis star arranges the murder of his adulterous wife.
Seven Samurai,1954,8.6,Action Epic,"Farmers from a village exploited by bandits hire a veteran samurai for protection, who gathers six other samurai to join him."
On the Waterfront,1954,8.1,Crime,"An ex-prize fighter turned New Jersey longshoreman struggles to stand up to his corrupt union bosses, including his older brother, as he starts to connect with the grieving sister of one of the syndicate's victims."
Witness for the Prosecution,1957,8.4,Legal Drama,A veteran British barrister must defend his client in a murder trial that has surprise after surprise.
The Bridge on the River Kwai,1957,8.1,Jungle Adventure,"British POWs are forced to build a railway bridge across the river Kwai for their Japanese captors in occupied Burma, not knowing that the allied forces are planning a daring commando raid through the jungle to destroy it."
Wild Strawberries,1957,8.1,Psychological Drama,"After living a life marked by coldness, an aging professor is forced to confront the emptiness of his existence."
12 Angry Men,1957,9.0,Legal Drama,The jury in a New York City murder trial is frustrated by a single member whose skeptical caution forces them to more carefully consider the evidence before jumping to a hasty verdict.
The Seventh Seal,1957,8.1,Psychological Drama,"A knight returning to Sweden after the Crusades seeks answers about life, death, and the existence of God as he plays chess against the Grim Reaper during the Black Plague."
Paths of Glory,1957,8.4,Drama,A colonel defends three of his soldiers in a court-martial after they abandon a suicidal attack.
Vertigo,1958,8.3,Psychological Thriller,"A former San Francisco police detective juggles wrestling with his personal demons and becoming obsessed with the hauntingly beautiful woman he has been hired to trail, who may be deeply disturbed."
Some Like It Hot,1959,8.2,Buddy Comedy,"After two male musicians witness a mob hit, they flee the state in an all-female band disguised as women, but further complications set in."
Ben-Hur,1959,8.1,Adventure Epic,"A Jewish prince is betrayed and sent into slavery by a Roman friend in 1st-century Jerusalem, but it's not long before he regains his freedom and comes back for revenge."
North by Northwest,1959,8.3,Spy,"A New York City advertising executive goes on the run after being mistaken for a government agent by a group of foreign spies, and falls for a woman whose loyalties he begins to doubt."
The Apartment,1960,8.3,Holiday Comedy,"A Manhattan insurance clerk tries to rise in his company by letting its executives use his apartment for trysts, but office politics and his own romantic hopes complicate matters."
Psycho,1960,8.5,Psychological Horror,A secretary on the run for embezzlement takes refuge at a secluded California motel owned by a repressed man and his overbearing mother.
Yojimbo,1961,8.2,One-Person Army Action,A crafty ronin comes to a town divided by two criminal gangs and decides to play them against each other to free the town.
Judgment at Nuremberg,1961,8.3,Drama,"Fictionalized depiction of the 1947 Judges' Trial, the third of twelve trials of Nazi war criminals conducted by the American occupying forces in Nuremberg, Germany, in which former judges of Nazi Germany were tried for their actions."
Lawrence of Arabia,1962,8.3,Adventure Epic,"The story of T.E. Lawrence, the English officer who successfully united and led the diverse, often warring, Arab tribes during World War I in order to fight the Turks."
To Kill a Mockingbird,1962,8.3,Legal Drama,"Atticus Finch, a widowed lawyer in Depression-era Alabama, defends a Black man against an undeserved rape charge, and tries to educate his young children against prejudice."
Harakiri,1962,8.6,Period Drama,"When a ronin requesting seppuku at a feudal lord's palace is told of the brutal suicide of another ronin who previously visited, he reveals how their pasts are intertwined - and in doing so challenges the clan's integrity."
High and Low,1963,8.4,Police Procedural,An executive of a Yokohama shoe company becomes a victim of extortion when his chauffeur's son is kidnapped by mistake and held for ransom.
The Great Escape,1963,8.2,Period Drama,Allied prisoners of war plan for several hundred of their men to escape from a German camp during World War II.
Dr. Strangelove or: How I Learned to Stop Worrying and Love the Bomb,1964,8.3,Dark Comedy,"An unhinged American general orders a bombing attack on the Soviet Union, triggering a path to nuclear holocaust that a war room full of politicians and generals frantically tries to stop."
For a Few Dollars More,1965,8.2,One-Person Army Action,Two bounty killers with similar intentions but different motivations team up to track down a psychotic Mexican outlaw before he and his gang can carry out an audacious bank robbery.
The Sound of Music,1965,8.1,Classic Musical,A young novice is sent by her convent in 1930s Austria to become a governess to the seven children of a widowed naval officer.
The Battle of Algiers,1966,8.1,Docudrama,"In the 1950s, fear and violence escalate as the people of Algiers fight for independence from the French government."
"The Good, the Bad and the Ugly",1966,8.8,Desert Adventure,A bounty hunting scam joins two men in an uneasy alliance against a third in a race to find a fortune in gold buried in a remote cemetery.
Cool Hand Luke,1967,8.1,Prison Drama,"A laid-back Southern man is sentenced to two years in a rural prison, but refuses to conform."
Once Upon a Time in the West,1968,8.5,Desert Adventure,A mysterious stranger with a harmonica joins forces with a notorious desperado to protect a beautiful widow from a ruthless assassin working for the railroad.
2001: A Space Odyssey,1968,8.3,Adventure Epic,"After uncovering a mysterious artifact buried beneath the Lunar surface, a spacecraft is sent to Jupiter to find its origins: a spacecraft manned by two men and the supercomputer HAL 9000."
A Clockwork Orange,1971,8.2,Dark Comedy,Alex DeLarge and his droogs barbarize a decaying near-future.
The Godfather,1972,9.2,Epic,The aging patriarch of an organized crime dynasty transfers control of his clandestine empire to his reluctant son.
The Exorcist,1973,8.1,Supernatural Horror,"When a mysterious entity possesses a young girl, her mother seeks the help of two Catholic priests to save her life."
The Sting,1973,8.3,Caper,Two grifters team up to pull off the ultimate con.
The Godfather Part II,1974,9.0,Epic,"The early life and career of Vito Corleone in 1920s New York City is portrayed, while his son, Michael, expands and tightens his grip on the family crime syndicate."
Chinatown,1974,8.1,Conspiracy Thriller,"A private detective hired to expose an adulterer in 1930s Los Angeles finds himself caught up in a web of deceit, corruption, and murder."
Jaws,1975,8.1,Sea Adventure,"When a massive killer shark unleashes chaos on a beach community off Long Island, it's up to a local sheriff, a marine biologist, and an old seafarer to hunt the beast down."
Monty Python and the Holy Grail,1975,8.2,Parody,"King Arthur and his Knights of the Round Table embark on a surreal, low-budget search for the Holy Grail, encountering many, very silly obstacles."
Barry Lyndon,1975,8.1,Adventure,An Irish rogue wins the heart of a rich widow and assumes her dead husband's aristocratic position in 18th-century England.
One Flew Over the Cuckoo's Nest,1975,8.7,Medical Drama,"In the Fall of 1963, a Korean War veteran and criminal pleads insanity and is admitted to a mental institution, where he rallies up the scared patients against the tyrannical nurse."
Network,1976,8.1,Workplace Drama,"A television network cynically exploits a deranged former anchor's ravings and revelations about mass media for its own profit, but finds that his message may be difficult to control."
Taxi Driver,1976,8.2,Psychological Drama,"A mentally unstable veteran works as a nighttime taxi driver in New York City, where the perceived decadence and sleaze fuels his urge for violent action."
Rocky,1976,8.1,Boxing,A small-time Philadelphia boxer gets a supremely rare chance to fight the world heavyweight champion in a bout in which he strives to go the distance for his self-respect.
Star Wars: Episode IV - A New Hope,1977,8.6,Action Epic,"Luke Skywalker joins forces with a Jedi Knight, a cocky pilot, a Wookiee and two droids to save the galaxy from the Empire's world-destroying battle station, while also attempting to rescue Princess Leia from the mysterious Darth Vader."
The Deer Hunter,1978,8.1,War Epic,An in-depth examination of the ways in which the Vietnam War impacts and disrupts the lives of several friends in a small steel mill town in Pennsylvania.
Apocalypse Now,1979,8.4,Adventure Epic,A U.S. Army officer serving in Vietnam is tasked with assassinating a renegade Special Forces Colonel who sees himself as a god.
Alien,1979,8.5,Cyberpunk,"After investigating a mysterious transmission of unknown origin, the crew of a commercial spacecraft encounters a deadly lifeform."
Star Wars: Episode V - The Empire Strikes Back,1980,8.7,Action Epic,"After the Empire overpowers the Rebel Alliance, Luke Skywalker begins his Jedi training with Yoda. At the same time, Darth Vader and bounty hunter Boba Fett pursue his friends across the galaxy."
Raging Bull,1980,8.1,Boxing,"The life of boxer Jake LaMotta, whose violence and temper that led him to the top in the ring destroyed his life outside of it."
The Elephant Man,1980,8.2,Docudrama,"A Victorian surgeon rescues a heavily disfigured man who is mistreated while scraping a living as a side-show freak. Behind his monstrous façade, there is revealed a person of kindness, intelligence and sophistication."
The Shining,1980,8.4,Psychological Drama,"A family heads to an isolated hotel for the winter, where a sinister presence influences the father into violence. At the same time, his psychic son sees horrifying forebodings from both the past and the future."
Raiders of the Lost Ark,1981,8.4,Adventure Epic,"In 1936, archaeologists and adventurers of the U.S. government hired Indiana Jones to find the Ark of the Covenant before the Nazis could obtain its extraordinary powers."
Das Boot,1981,8.4,War Epic,A German U-boat stalks the frigid waters of the North Atlantic as its young crew experience the sheer terror and claustrophobic life of a submariner in World War II.
The Thing,1982,8.2,Alien Invasion,A research team in Antarctica is hunted by a shape-shifting alien that assumes the appearance of its victims.
Blade Runner,1982,8.1,Artificial Intelligence,A blade runner must pursue and terminate four replicants who stole a ship in space and have returned to Earth to find their creator.
Star Wars: Episode VI - Return of the Jedi,1983,8.3,Action Epic,"After rescuing Han Solo from Jabba the Hutt, the Rebel Alliance attempts to destroy the second Death Star while Luke struggles to help Darth Vader back from the dark side."
Scarface,1983,8.3,Drug Crime,"Miami in the 1980s: a determined criminal minded Cuban immigrant, becomes the biggest drug smuggler in Florida, and is eventually undone by his own drug addiction."
Once Upon a Time in America,1984,8.3,Dark Comedy,"A former Prohibition-era Jewish gangster returns to the Lower East Side of Manhattan 35 years later, where he must once again confront the ghosts and regrets of his old life."
Amadeus,1984,8.4,Costume Drama,"The life, success and troubles of Wolfgang Amadeus Mozart, as told by Antonio Salieri, the contemporaneous composer who was deeply jealous of Mozart's talent and claimed to have murdered him."
"Paris, Texas",1984,8.1,Road Trip,"Travis Henderson, an aimless drifter who has been missing for four years, wanders out of the desert and must reconnect with society, himself, his life, and his family."
The Terminator,1984,8.1,Artificial Intelligence,"A cyborg assassin from the future attempts to find and kill Sarah Connor, a waitress who is destined to give birth to a man who will save humankind from extinction."
Come and See,1985,8.4,Epic,"After finding an old rifle, a young boy joins the Soviet resistance movement against ruthless German forces and experiences the horrors of World War II."
Back to the Future,1985,8.5,Car Action,"Marty McFly, a 17-year-old high school student, is accidentally sent 30 years into the past in a time-traveling DeLorean invented by his close friend, the maverick scientist Doc Brown."
Ran,1985,8.2,Samurai,"In Medieval Japan, an elderly warlord retires, handing over his empire to his three sons. However, he vastly underestimates how the new-found power will corrupt them and cause them to turn on each other...and him."
Aliens,1986,8.4,Alien Invasion,"Decades after surviving the Nostromo incident, Ellen Ripley is sent out to re-establish contact with a terraforming colony but finds herself battling the Alien Queen and her offspring."
Platoon,1986,8.1,Drama,"Chris Taylor, a neophyte recruit in Vietnam, finds himself caught in a battle of wills between two sergeants, one good and the other evil. A shrewd examination of the brutality of war and the duality of man in conflict."
Stand by Me,1986,8.1,Coming-of-Age,A writer recounts a childhood journey with his friends to find the body of a missing boy.
Full Metal Jacket,1987,8.2,Period Drama,A pragmatic U.S. Marine observes the dehumanizing effects the Vietnam War has on his fellow recruits from their brutal boot camp training to the bloody street fighting in Hue.
My Neighbor Totoro,1988,8.1,Anime,"When two girls move to the country to be near their ailing mother, they have adventures with the wondrous forest spirits who live nearby."
Die Hard,1988,8.2,One-Person Army Action,A New York City police officer tries to save his estranged wife and several others taken hostage by terrorists during a Christmas party at the Nakatomi Plaza in Los Angeles.
Cinema Paradiso,1988,8.5,Coming-of-Age,"Salvatore, a famous film director, returns to his hometown for the funeral of the local theater's film projectionist, Alfredo. He reminisces about his life as a young boy falling in love with cinema."
Grave of the Fireflies,1988,8.5,Adult Animation,A young boy and his little sister struggle to survive in Japan during World War II.
Indiana Jones and the Last Crusade,1989,8.2,Adventure Epic,"In 1938, after his father goes missing while pursuing the Holy Grail, Indiana Jones finds himself up against the Nazis again to stop them from obtaining its powers."
Dead Poets Society,1989,8.1,Coming-of-Age,"Maverick teacher John Keating returns in 1959 to the prestigious New England boys' boarding school where he was once a star student, using poetry to embolden his pupils to new heights of self-expression."
Goodfellas,1990,8.7,Gangster,"The story of Henry Hill and his life in the mafia, covering his relationship with his wife Karen and his mob partners Jimmy Conway and Tommy DeVito."
The Silence of the Lambs,1991,8.6,Police Procedural,"A young F.B.I. cadet must receive the help of an incarcerated and manipulative cannibal killer to help catch another serial killer, a madman who skins his victims."
Terminator 2: Judgment Day,1991,8.6,Action Epic,"A cyborg, identical to the one who failed to kill Sarah Connor, must now protect her ten year old son John from an even more advanced and powerful cyborg."
Unforgiven,1992,8.2,Tragedy,Retired Old West gunslinger Will Munny reluctantly takes on one last job to avenge an injustice with the help of his old partner and a newer outlaw known simply as The Schofield Kid.
Reservoir Dogs,1992,8.3,Gangster,"When a simple jewelry heist goes horribly wrong, the surviving criminals begin to suspect that one of them is a police informant."
Scent of a Woman,1992,8.0,Epic,"A prep school student needing money agrees to ""babysit"" a blind man, but the job is not at all what he anticipated."
In the Name of the Father,1993,8.1,Docudrama,"An Irish man's coerced confession to an I.R.A. bombing he did not commit results in the imprisonment of his father as well. Meanwhile, a British lawyer fights to clear their names and free them."
Jurassic Park,1993,8.2,Dinosaur Adventure,"An industrialist invites some experts to visit his theme park of cloned dinosaurs. After a power failure, the creatures run loose, putting everyone's lives, including his grandchildren's, in danger."
Schindler's List,1993,9.0,Epic,"In German-occupied Poland during World War II, industrialist Oskar Schindler gradually becomes concerned for his Jewish workforce after witnessing their persecution by the Nazis."
Groundhog Day,1993,8.0,Feel-Good Romance,"A narcissistic, self-centered weatherman finds himself in a time loop on Groundhog Day."
Forrest Gump,1994,8.8,Epic,"The history of the United States from the 1950s to the '70s unfolds from the perspective of an Alabama man with an IQ of 75, who yearns to be reunited with his childhood sweetheart."
Pulp Fiction,1994,8.9,Dark Comedy,"The lives of two mob hitmen, a boxer, a gangster and his wife, and a pair of diner bandits intertwine in four tales of violence and redemption."
The Lion King,1994,8.5,Animal Adventure,"Lion prince Simba and his father are targeted by his bitter uncle, who wants to ascend the throne himself."
Léon: The Professional,1994,8.5,Gangster,"12-year-old Mathilda is reluctantly taken in by Léon, a professional assassin, after her family is murdered. An unusual relationship forms as she becomes his protégée and learns the assassin's trade."
The Shawshank Redemption,1994,9.3,Epic,"A banker convicted of uxoricide forms a friendship over a quarter century with a hardened convict, while maintaining his innocence and trying to remain hopeful through simple compassion."
La haine,1995,8.1,Gangster,24 hours in the lives of three young men in the French suburbs the day after a violent riot.
Se7en,1995,8.6,Cop Drama,"Two detectives, a rookie and a veteran, hunt a serial killer who uses the seven deadly sins as his motives."
Before Sunrise,1995,8.1,Romantic Comedy,"A young man and woman meet on a train in Europe, and wind up spending one evening together in Vienna. Unfortunately, both know that this will probably be their only night together."
Heat,1995,8.3,Cop Drama,A group of high-end professional thieves start to feel the heat from the LAPD when they unknowingly leave a verbal clue at their latest heist.
Toy Story,1995,8.3,Buddy Comedy,A cowboy doll is profoundly threatened and jealous when a new spaceman action figure supplants him as top toy in a boy's bedroom.
The Usual Suspects,1995,8.5,Gangster,The sole survivor of a pier shoot-out tells the story of how a notorious criminal influenced the events that began with five criminals meeting in a seemingly random police lineup.
Casino,1995,8.2,Docudrama,"In Las Vegas, two best friends - a casino executive and a mafia enforcer - compete for a gambling empire and a fast-living, fast-loving socialite."
Braveheart,1995,8.3,Costume Drama,Scottish warrior William Wallace leads his countrymen in a rebellion to free his homeland from the tyranny of King Edward I of England.
Fargo,1996,8.1,Cop Drama,Minnesota car salesman Jerry Lundegaard's inept crime falls apart due to his and his henchmen's bungling and the persistent police work of the quite pregnant Marge Gunderson.
Trainspotting,1996,8.1,Dark Comedy,"Renton, deeply immersed in the Edinburgh drug scene, tries to clean up and get out despite the allure of drugs and the influence of friends."
Children of Heaven,1997,8.2,Drama,"After a boy loses his sister's pair of shoes, he goes on a series of adventures in order to find them. When he can't, he tries a new way to ""win"" a new pair."
Princess Mononoke,1997,8.3,Action Epic,"On a journey to find the cure for a Tatarigami's curse, Ashitaka finds himself in the middle of a war between the forest gods and Tatara, a mining colony. In this quest he also meets San, the Mononoke Hime."
L.A. Confidential,1997,8.2,Conspiracy Thriller,"As corruption grows in 1950s Los Angeles, three policemen - one strait-laced, one brutal, and one sleazy - investigate a series of murders with their own brand of justice."
Good Will Hunting,1997,8.3,Coming-of-Age,"Will Hunting, a janitor at MIT, has a gift for mathematics, but needs help from a psychologist to find direction in his life."
Life Is Beautiful,1997,8.6,Period Drama,"When an open-minded Jewish waiter and his son become victims of the Holocaust, he uses a perfect mixture of will, humor and imagination to protect his son from the dangers around their camp."
"Lock, Stock and Two Smoking Barrels",1998,8.1,Farce,"Eddy persuades his three pals to pool money for a vital poker game against a powerful local mobster, Hatchet Harry. Eddy loses, after which Harry gives him a week to pay back 500,000 pounds."
The Truman Show,1998,8.2,High-Concept Comedy,"An insurance salesman is oblivious of the fact that his entire life is a TV show and his family members are mere actors. As he starts noticing things and uncovers the truth, he decides to escape."
American History X,1998,8.5,Prison Drama,"Living a life marked by violence, neo-Nazi Derek finally goes to prison after killing two black youths. Upon his release, Derek vows to change; he hopes to prevent his brother, Danny, who idolizes Derek, from following in his footsteps."
The Big Lebowski,1998,8.1,Satire,"Jeff ""The Dude"" Lebowski, mistaken for a millionaire of the same name, seeks restitution for his ruined rug and enlists his bowling buddies to help get it."
Saving Private Ryan,1998,8.6,Epic,"Following the Normandy Landings, a group of U.S. soldiers go behind enemy lines to retrieve a paratrooper whose brothers have been killed in action."
The Matrix,1999,8.7,Action Epic,"When a beautiful stranger leads computer hacker Neo to a forbidding underworld, he discovers the shocking truth--the life he knows is the elaborate deception of an evil cyber-intelligence."
The Green Mile,1999,8.6,Period Drama,"A tale set on death row, where gentle giant John Coffey possesses the mysterious power to heal people's ailments. When the lead guard, Paul Edgecombe, recognizes John's gift, he tries to help stave off the condemned man's execution."
Fight Club,1999,8.8,Psychological Drama,An insomniac office worker and a devil-may-care soap maker form an underground fight club that evolves into much more.
The Iron Giant,1999,8.1,Alien Invasion,A young boy befriends a giant robot from outer space that a paranoid government agent wants to destroy.
American Beauty,1999,8.3,Psychological Drama,A sexually frustrated suburban father has a mid-life crisis after becoming infatuated with his daughter's best friend.
The Sixth Sense,1999,8.2,Psychological Drama,"Malcolm Crowe, a child psychologist, starts treating a young boy, Cole, who encounters dead people and convinces him to help them. In turn, Cole helps Malcolm reconcile with his estranged wife."
Snatch,2000,8.2,Caper,"Unscrupulous boxing promoters, violent bookmakers, a Russian gangster, incompetent amateur robbers and supposedly Jewish jewelers fight to track down a priceless stolen diamond."
Memento,2000,8.4,Psychological Thriller,"Leonard Shelby, an insurance investigator, suffers from anterograde amnesia and uses notes and tattoos to hunt for the man he thinks killed his wife, which is the last thing he remembers."
Gladiator,2000,8.5,Action Epic,A former Roman General sets out to exact vengeance against the corrupt emperor who murdered his family and sent him into slavery.
Requiem for a Dream,2000,8.3,Psychological Drama,The drug-induced utopias of four Coney Island people are shattered when their addictions run deep..
Amores Perros,2000,8.0,Tragedy,"An amateur dog fighter, a supermodel, and a derelict assassin, all separately struggling to find love, find their lives transformed by a devastating car wreck in Mexico City."
"Monsters, Inc.",2001,8.1,Buddy Comedy,"In order to power the city, monsters have to scare children so that they scream. However, the children are toxic to the monsters, and after a child gets through, two monsters realize things may not be what they think."
Amélie,2001,8.3,Feel-Good Romance,"Despite being caught in her imaginative world, Amelie, a young waitress, decides to help people find happiness. Her quest to spread joy leads her on a journey where she finds true love."
The Lord of the Rings: The Fellowship of the Ring,2001,8.9,Adventure Epic,A meek Hobbit from the Shire and eight companions set out on a journey to destroy the powerful One Ring and save Middle-earth from the Dark Lord Sauron.
Spirited Away,2001,8.6,Anime,"During her family's move to the suburbs, a sullen 10-year-old girl wanders into a world ruled by gods, witches and spirits, and where humans are changed into beasts."
A Beautiful Mind,2001,8.2,Docudrama,"A mathematical genius, John Nash made an astonishing discovery early in his career and stood on the brink of international acclaim. But the handsome and arrogant Nash soon found himself on a harrowing journey of self-discovery."
City of God,2002,8.6,Coming-of-Age,"In the slums of Rio, two kids' paths diverge as one struggles to become a photographer and the other a kingpin."
Catch Me If You Can,2002,8.1,Caper,"Barely 17 yet, Frank is a skilled forger who has passed as a doctor, lawyer and pilot. FBI agent Carl becomes obsessed with tracking down the con man, who only revels in the pursuit."
The Lord of the Rings: The Two Towers,2002,8.8,Adventure Epic,"While Frodo and Sam edge closer to Mordor with the help of the shifty Gollum, the divided fellowship makes a stand against Sauron's new ally, Saruman, and his hordes of Isengard."
The Pianist,2002,8.5,Docudrama,"During WWII, acclaimed Polish musician Wladyslaw faces various struggles as he loses contact with his family. As the situation worsens, he hides in the ruins of Warsaw in order to survive."
Memories of Murder,2003,8.1,Police Procedural,"In a small Korean province in 1986, two detectives struggle with the case of multiple young women being found raped and murdered by an unknown culprit."
Oldboy,2003,8.3,One-Person Army Action,"After being kidnapped and imprisoned for fifteen years, Oh Dae-Su is released, only to find that he must track down his captor in five days."
Pirates of the Caribbean: The Curse of the Black Pearl,2003,8.1,Sea Adventure,"Blacksmith Will Turner teams up with eccentric pirate ""Captain"" Jack Sparrow to save Elizabeth Swann, the governor's daughter and his love, from Jack's former pirate allies, who are now undead."
Kill Bill: Vol. 1,2003,8.2,Martial Arts,"After waking from a 4-year coma, a former assassin wreaks vengeance on the team of assassins who betrayed her."
Finding Nemo,2003,8.2,Animal Adventure,"After his son is captured in the Great Barrier Reef and taken to Sydney, a timid clownfish sets out on a journey to bring him home."
The Lord of the Rings: The Return of the King,2003,9.0,Adventure Epic,Gandalf and Aragorn lead the World of Men against Sauron's army to draw his gaze from Frodo and Sam as they approach Mount Doom with the One Ring.
Howl's Moving Castle,2004,8.2,Adventure Epic,"When an unconfident young woman is cursed with an old body by a spiteful witch, her only chance of breaking the spell lies with a self-indulgent yet insecure young wizard and his companions in his legged, walking castle."
The Incredibles,2004,8.0,Computer Animation,"While trying to lead a quiet suburban life, a family of undercover superheroes are forced into action to save the world."
Hotel Rwanda,2004,8.1,Docudrama,"Paul Rusesabagina, a hotel manager, houses over a thousand Tutsi refugees during their struggle against the Hutu militia in Rwanda, Africa."
Downfall,2004,8.2,Docudrama,"Traudl Junge, the final secretary for Adolf Hitler, tells of the Nazi dictator's final days in his Berlin bunker at the end of WWII."
Before Sunset,2004,8.1,Drama,"Nine years after Jesse and Celine first met, they encounter each other again on the French leg of Jesse's book tour."
Eternal Sunshine of the Spotless Mind,2004,8.3,Dark Romance,"When their relationship turns sour, a couple undergoes a medical procedure to have each other erased from their memories forever."
Million Dollar Baby,2004,8.1,Boxing,"Frankie, an ill-tempered old coach, reluctantly agrees to train aspiring boxer Maggie. Impressed with her determination and talent, he helps her become the best and the two soon form a close bond."
My Father and My Son,2005,8.2,Drama,The family of a left-wing journalist is torn apart after the military coup of Turkey in 1980.
V for Vendetta,2005,8.1,Dystopian Sci-Fi,"In a future British dystopian society, a shadowy freedom fighter, known only by the alias of ""V"", plots to overthrow the tyrannical government - with the help of a young woman."
Batman Begins,2005,8.2,Action Epic,"After witnessing his parents' death, Bruce learns the art of fighting to confront injustice. When he returns to Gotham as Batman, he must stop a secret society that intends to destroy the city."
The Lives of Others,2006,8.4,Political Thriller,"In 1984 East Berlin, an agent of the secret police conducting surveillance on a writer and his lover finds himself becoming increasingly absorbed by their lives."
The Departed,2006,8.5,Cop Drama,An undercover cop and a mole in the police attempt to identify each other while infiltrating an Irish gang in South Boston.
The Prestige,2006,8.5,Period Drama,"After a tragic accident, two stage magicians in 1890s London engage in a battle to create the ultimate illusion while sacrificing everything they have to outwit each other."
Pan's Labyrinth,2006,8.2,Coming-of-Age,"In the Falangist Spain of 1944, the bookish young stepdaughter of a sadistic army officer escapes into an eerie but captivating fantasy world."
Ratatouille,2007,8.1,Animal Adventure,A rat who can cook makes an unusual alliance with a young kitchen worker at a famous Paris restaurant.
Into the Wild,2007,8.1,Coming-of-Age,"After graduating from Emory University, top student and athlete Christopher McCandless abandons his possessions, gives his entire $24,000 savings account to charity and hitchhikes to Alaska to live in the wilderness."
No Country for Old Men,2007,8.2,Contemporary Western,Violence and mayhem ensue after a hunter stumbles upon the aftermath of a drug deal gone wrong and over two million dollars in cash near the Rio Grande.
Like Stars on Earth,2007,8.3,Drama,"An eight-year-old boy is thought to be a lazy trouble-maker, until the new art teacher has the patience and compassion to discover the real problem behind his struggles in school."
There Will Be Blood,2007,8.2,Epic,"A story of family, religion, hatred, oil and madness, focusing on a turn-of-the-century prospector in the early days of the business."
Gran Torino,2008,8.1,Drama,"After a Hmong teenager tries to steal his prized 1972 Gran Torino, a disgruntled, prejudiced Korean War veteran seeks to redeem both the boy and himself."
The Dark Knight,2008,9.0,Action Epic,"When a menace known as the Joker wreaks havoc and chaos on the people of Gotham, Batman, James Gordon and Harvey Dent must work together to put an end to the madness."
WALL·E,2008,8.4,Adventure Epic,"A robot who is responsible for cleaning a waste-covered Earth meets another robot and falls in love with her. Together, they set out on a journey that will alter the fate of mankind."
Hachi: A Dog's Tale,2009,8.1,Animal Adventure,"Professor Wilson discovers a lost Akita puppy on his way home. Despite objections from his wife, Hachi endears himself to the family and grows to be Parker's loyal companion. As their bond grows deeper, a beautiful relationship unfolds."
Mary and Max,2009,8.1,Adult Animation,"In 1976 Melbourne, a lonely 8-year-old girl strikes up a correspondence with an unlikely pen pal: a severely obese 44-year-old New Yorker with Asperger's syndrome."
3 Idiots,2009,8.4,Comedy,"Two friends are searching for their long lost companion. They revisit their college days and recall the memories of their friend who inspired them to think differently, even as the rest of the world called them ""idiots""."
The Secret in Their Eyes,2009,8.2,Dark Romance,A retired legal counselor writes a novel hoping to find closure for one of his past unresolved homicide cases and for his unreciprocated love with his superior - both of which still haunt him decades later.
Inglourious Basterds,2009,8.4,Dark Comedy,"In Nazi-occupied France during World War II, a plan to assassinate Nazi leaders by a group of Jewish U.S. soldiers coincides with a theatre owner's vengeful plans for the same."
Up,2009,8.3,Coming-of-Age,"78-year-old Carl Fredricksen travels to South America in his house equipped with balloons, inadvertently taking a young stowaway."
Shutter Island,2010,8.2,Psychological Thriller,"Teddy Daniels and Chuck Aule, two US marshals, are sent to an asylum on a remote island in order to investigate the disappearance of a patient, where Teddy uncovers a shocking truth about the place."
Incendies,2010,8.3,Suspense Mystery,Twins journey to the Middle East to discover their family history and fulfill their mother's last wishes.
How to Train Your Dragon,2010,8.1,Computer Animation,"A hapless young Viking who aspires to hunt dragons becomes the unlikely friend of a young dragon himself, and learns there may be more to the creatures than he assumed."
Toy Story 3,2010,8.3,Computer Animation,"The toys are mistakenly delivered to a day-care center instead of the attic right before Andy leaves for college, and it's up to Woody to convince the other toys that they weren't abandoned and to return home."
Inception,2010,8.8,Action Epic,"A thief who steals corporate secrets through the use of dream-sharing technology is given the inverse task of planting an idea into the mind of a C.E.O., but his tragic past may doom the project and his team to disaster."
Warrior,2011,8.1,Boxing,"The youngest son of an alcoholic former boxer returns home, where he's trained by his father for competition in a mixed martial arts tournament - a path that puts the fighter on a collision course with his estranged, older brother."
Harry Potter and the Deathly Hallows: Part 2,2011,8.1,Dark Fantasy,"Harry, Ron, and Hermione search for Voldemort's remaining Horcruxes in their effort to destroy the Dark Lord as the final battle rages on at Hogwarts."
The Intouchables,2011,8.5,Docudrama,"After he becomes a quadriplegic from a paragliding accident, an aristocrat hires a young man from the projects to be his caregiver."
A Separation,2011,8.3,Drama,A married couple are faced with a difficult decision - to improve the life of their child by moving to another country or to stay in Iran and look after a deteriorating parent who has Alzheimer's disease.
The Help,2011,8.1,Period Drama,"An aspiring author during the civil rights movement of the 1960s decides to write a book detailing the African American maids' point of view on the white families for which they work, and the hardships they go through on a daily basis."
Django Unchained,2012,8.5,Dark Comedy,"With the help of a German bounty-hunter, a freed slave sets out to rescue his wife from a brutal plantation owner in Mississippi."
The Hunt,2012,8.3,Psychological Drama,"A teacher lives a lonely life, all the while struggling over his son's custody. His life slowly gets better as he finds love and receives good news from his son, but his new luck is about to be brutally shattered by an innocent little lie."
The Dark Knight Rises,2012,8.4,Action Epic,"Bane, an imposing terrorist, attacks Gotham City and disrupts its eight-year-long period of peace. This forces Bruce Wayne to come out of hiding and don the cape and cowl of Batman again."
12 Years a Slave,2013,8.1,Epic,"In the antebellum United States, Solomon Northup, a free black man from upstate New York, is abducted and sold into slavery."
Rush,2013,8.1,Docudrama,"James Hunt and Niki Lauda, two extremely skilled Formula One racers, have an intense rivalry with each other. However, it is their enmity that pushes them to their limits."
Prisoners,2013,8.2,Psychological Thriller,"Keller Dover is facing every parent's worst nightmare. His six-year-old daughter, Anna, is missing, together with her friend, Joy, and as minutes turn to hours, panic sets in. The only lead is an RV that had been parked on their street."
The Wolf of Wall Street,2013,8.2,Dark Comedy,"Based on the true story of Jordan Belfort, from his rise to a wealthy stock-broker living the high life to his fall involving crime, corruption and the federal government."
Wild Tales,2014,8.1,Dark Comedy,Six short stories that explore the extremities of human behavior involving people in distress.
Gone Girl,2014,8.1,Erotic Thriller,"With his wife's disappearance having become the focus of an intense media circus, a man sees the spotlight turned on him when it's suspected that he may not be innocent."
The Grand Budapest Hotel,2014,8.1,Caper,"A writer encounters the owner of an aging high-class hotel, who tells him of his early years serving as a lobby boy in the hotel's glorious years under an exceptional concierge."
Whiplash,2014,8.5,Psychological Drama,A promising young drummer enrolls at a cut-throat music conservatory where his dreams of greatness are mentored by an instructor who will stop at nothing to realize a student's potential.
Interstellar,2014,8.7,Adventure Epic,"When Earth becomes uninhabitable in the future, a farmer and ex-NASA pilot, Joseph Cooper, is tasked to pilot a spacecraft, along with a team of researchers, to find a new planet for humans."
Drishyam,2015,8.2,Crime,"Desperate measures are taken by a man who tries to save his family from the dark side of the law, after they commit an unexpected crime."
Room,2015,8.1,Psychological Drama,"A little boy is held captive in a room with his mother since his birth, so he has never known the world outside."
Spotlight,2015,8.1,Docudrama,"The true story of how the Boston Globe uncovered the massive scandal of child molestation and cover-up within the local Catholic Archdiocese, shaking the entire Catholic Church to its core."
Mad Max: Fury Road,2015,8.1,Action Epic,"In a post-apocalyptic wasteland, a woman rebels against a tyrannical ruler in search for her homeland with the aid of a group of female prisoners, a psychotic worshipper and a drifter named Max."
Inside Out,2015,8.1,Coming-of-Age,"After young Riley is uprooted from her Midwest life and moved to San Francisco, her emotions - Joy, Fear, Anger, Disgust and Sadness - conflict on how best to navigate a new city, house, and school."
Dangal,2016,8.3,Action,"Mahavir Singh Phogat, a former wrestler, decides to fulfill his dream of winning a gold medal for his country by training his daughters for the Commonwealth Games despite the existing social stigmas."
Hacksaw Ridge,2016,8.1,Period Drama,"World War II American Army Medic Desmond T. Doss, serving during the Battle of Okinawa, refuses to kill people and becomes the first man in American history to receive the Medal of Honor without firing a shot."
The Handmaiden,2016,8.1,Dark Romance,"In 1930s Korea, a girl is hired as a handmaiden to a Japanese heiress who lives a secluded life on a countryside estate. But the maid has a secret: She is a pickpocket recruited by a swindler to help seduce the Lady and steal her fortune."
Your Name.,2016,8.4,Anime,"Two teenagers share a profound, magical connection upon discovering they are swapping bodies. Things manage to become even more complicated when the boy and girl decide to meet in person."
Logan,2017,8.1,Dystopian Sci-Fi,"In a future where mutants are nearly extinct, an elderly and weary Logan leads a quiet life. But when Laura, a mutant child pursued by scientists, comes to him for help, he must get her to safety."
Coco,2017,8.4,Computer Animation,"Aspiring musician Miguel, confronted with his family's ancestral ban on music, enters the Land of the Dead to find his great-great-grandfather, a legendary singer."
"Three Billboards Outside Ebbing, Missouri",2017,8.1,Dark Comedy,A mother personally challenges the local authorities to solve her daughter's murder when they fail to catch the culprit.
Green Book,2018,8.2,Docudrama,A working-class Italian-American bouncer becomes the driver for an African-American classical pianist on a tour of venues through the 1960s American South.
Capernaum,2018,8.4,Drama,"While serving a five-year sentence for a violent crime, a 12-year-old boy sues his parents for neglect."
Spider-Man: Into the Spider-Verse,2018,8.4,Computer Animation,Teen Miles Morales becomes the Spider-Man of his universe and must join with five spider-powered individuals from other dimensions to stop a threat for all realities.
Avengers: Infinity War,2018,8.4,Space Sci-Fi,The Avengers and their allies must be willing to sacrifice all in an attempt to defeat the powerful Thanos before his blitz of devastation and ruin puts an end to the universe.
Parasite,2019,8.5,Dark Comedy,Greed and class discrimination threaten the newly formed symbiotic relationship between the wealthy Park family and the destitute Kim clan.
Joker,2019,8.4,Psychological Drama,"Arthur Fleck, a party clown and a failed stand-up comedian, leads an impoverished life with his ailing mother. However, when society shuns him and brands him as a freak, he decides to embrace the life of crime and chaos in Gotham City."
Avengers: Endgame,2019,8.4,Space Sci-Fi,"After the devastating events of Avengers: Infinity War (2018), the universe is in ruins. With the help of remaining allies, the Avengers assemble once more in order to reverse Thanos' actions and restore balance to the universe."
1917,2019,8.2,Epic,"April 6th, 1917. As an infantry battalion assembles to wage war deep in enemy territory, two soldiers are assigned to race against time and deliver a message that will stop 1,600 men from walking straight into a deadly trap."
Klaus,2019,8.2,Hand-Drawn Animation,"A simple act of kindness always sparks another, even in a frozen, faraway place. When Smeerensburg's new postman, Jesper, befriends toymaker Klaus, their gifts melt an age-old feud and deliver a sleigh full of holiday traditions."
Ford v Ferrari,2019,8.1,Docudrama,American car designer Carroll Shelby and driver Ken Miles battle corporate interference and the laws of physics to build a revolutionary race car for Ford in order to defeat Ferrari at the 24 Hours of Le Mans in 1966.
The Father,2020,8.2,Psychological Drama,"A man refuses all assistance from his daughter as he ages. As he tries to make sense of his changing circumstances, he begins to doubt his loved ones, his own mind and even the fabric of his reality."
Hamilton,2020,8.3,Biography,"The real life of one of America's foremost founding fathers and first Secretary of the Treasury, Alexander Hamilton. Captured live on Broadway from the Richard Rodgers Theater with the original Broadway cast."
Spider-Man: No Way Home,2021,8.2,Superhero,"With Spider-Man's identity now revealed, Peter asks Doctor Strange for help. When a spell goes wrong, dangerous foes from other worlds start to appear."
Jai Bhim,2021,8.7,Crime,"When a tribal man is arrested for a case of alleged theft, his wife turns to a human-rights lawyer to help bring justice."
Top Gun: Maverick,2022,8.2,Action Epic,"The story involves Maverick confronting his past while training a group of younger Top Gun graduates, including the son of his deceased best friend, for a dangerous mission."
12th Fail,2023,8.9,Docudrama,The real-life story of IPS Officer Manoj Kumar Sharma and IRS Officer Shraddha Joshi.
Spider-Man: Across the Spider-Verse,2023,8.6,Computer Animation,"Miles Morales catapults across the multiverse, where he encounters a team of Spider-People charged with protecting its very existence. When the heroes clash on how to handle a new threat, Miles must redefine what it means to be a hero."
Oppenheimer,2023,8.3,Docudrama,The story of American scientist J. Robert Oppenheimer and his role in the development of the atomic bomb.
Maharaja,2024,8.5,Action,"A barber seeks vengeance after his home is burglarized, cryptically telling police his ""lakshmi"" has been taken, leaving them uncertain if it's a person or object. His quest to recover the elusive ""lakshmi"" unfolds."
Dune: Part Two,2024,8.5,Action Epic,Paul Atreides unites with Chani and the Fremen while seeking revenge against the conspirators who destroyed his family.
